{"cameraMode":{"drawMode":0,"name":"Shaded","section":"Shading Mode"},"sceneLighting":false,"audioPlay":false,"sceneViewState":{"showFog":true,"showMaterialUpdate":false,"showSkybox":false,"showFlares":true,"showImageEffects":true,"showParticleSystems":true},"in2DMode":false,"pivot":{"x":-9.881027221679688,"y":4.528773307800293,"z":4.394420146942139},"rotation":{"x":-0.06685537099838257,"y":-0.6330010294914246,"z":-0.05501681566238403,"w":0.76930171251297},"size":11.271194458007813,"orthographic":false}