{"cameraMode":{"drawMode":0,"name":"Shaded","section":"Shading Mode"},"sceneLighting":false,"audioPlay":false,"sceneViewState":{"showFog":true,"showMaterialUpdate":false,"showSkybox":false,"showFlares":true,"showImageEffects":true,"showParticleSystems":true},"in2DMode":false,"pivot":{"x":-0.02633768320083618,"y":0.04832802712917328,"z":-0.03909727931022644},"rotation":{"x":0.34049564599990847,"y":0.27215051651000979,"z":-0.10364203155040741,"w":0.8940107226371765},"size":2.9794132709503176,"orthographic":true}