{"cameraMode":{"drawMode":0,"name":"Shaded","section":"Shading Mode"},"sceneLighting":false,"audioPlay":false,"sceneViewState":{"showFog":true,"showMaterialUpdate":false,"showSkybox":false,"showFlares":true,"showImageEffects":true,"showParticleSystems":true},"in2DMode":false,"pivot":{"x":-3.38339900970459,"y":0.5678843259811401,"z":2.528111696243286},"rotation":{"x":-0.009105940349400044,"y":0.8337691426277161,"z":-0.01375816110521555,"w":-0.5518808960914612},"size":3.633406162261963,"orthographic":false}