{"cameraMode":{"drawMode":0,"name":"Shaded","section":"Shading Mode"},"sceneLighting":false,"audioPlay":false,"sceneViewState":{"showFog":true,"showMaterialUpdate":false,"showSkybox":false,"showFlares":true,"showImageEffects":true,"showParticleSystems":true},"in2DMode":false,"pivot":{"x":0.005272328853607178,"y":0.0,"z":-0.0069702863693237309},"rotation":{"x":0.5644369721412659,"y":-0.022281358018517495,"z":0.015243498608469963,"w":0.8250346183776856},"size":4.096208095550537,"orthographic":false}