{"cameraMode":{"drawMode":0,"name":"Shaded","section":"Shading Mode"},"sceneLighting":false,"audioPlay":false,"sceneViewState":{"showFog":true,"showMaterialUpdate":false,"showSkybox":false,"showFlares":true,"showImageEffects":true,"showParticleSystems":true},"in2DMode":false,"pivot":{"x":-0.0023254454135894777,"y":0.023378431797027589,"z":-0.015107542276382447},"rotation":{"x":0.06662242859601975,"y":-0.654559850692749,"z":0.05808002129197121,"w":0.7508360743522644},"size":1.237724781036377,"orthographic":false}