{"cameraMode":{"drawMode":0,"name":"Shaded","section":"Shading Mode"},"sceneLighting":false,"audioPlay":false,"sceneViewState":{"showFog":true,"showMaterialUpdate":false,"showSkybox":false,"showFlares":true,"showImageEffects":true,"showParticleSystems":true},"in2DMode":false,"pivot":{"x":-0.0232202410697937,"y":-0.02277509868144989,"z":0.012072384357452393},"rotation":{"x":0.42128291726112368,"y":0.5718926787376404,"z":-0.4359338879585266,"w":0.5526590943336487},"size":0.8497916460037231,"orthographic":false}