{"cameraMode":{"drawMode":0,"name":"Shaded","section":"Shading Mode"},"sceneLighting":false,"audioPlay":false,"sceneViewState":{"showFog":true,"showMaterialUpdate":false,"showSkybox":false,"showFlares":true,"showImageEffects":true,"showParticleSystems":true},"in2DMode":false,"pivot":{"x":-0.019037485122680665,"y":-0.003982901573181152,"z":-0.024229764938354493},"rotation":{"x":0.7114427089691162,"y":-0.09571263194084168,"z":0.09881319105625153,"w":0.689154863357544},"size":1.5317165851593018,"orthographic":false}