{"cameraMode":{"drawMode":0,"name":"Shaded","section":"Shading Mode"},"sceneLighting":false,"audioPlay":false,"sceneViewState":{"showFog":true,"showMaterialUpdate":false,"showSkybox":false,"showFlares":true,"showImageEffects":true,"showParticleSystems":true},"in2DMode":false,"pivot":{"x":0.08659911155700684,"y":0.06726348400115967,"z":0.11625456809997559},"rotation":{"x":0.039295438677072528,"y":-0.014992938376963139,"z":0.0005886877188459039,"w":0.9991191029548645},"size":3.043344020843506,"orthographic":false}