{"cameraMode":{"drawMode":0,"name":"Shaded","section":"Shading Mode"},"sceneLighting":true,"audioPlay":false,"sceneViewState":{"showFog":true,"showMaterialUpdate":false,"showSkybox":true,"showFlares":true,"showImageEffects":true,"showParticleSystems":true},"in2DMode":false,"pivot":{"x":0.005272328853607178,"y":0.0,"z":-0.006970345973968506},"rotation":{"x":0.34049564599990847,"y":0.27215051651000979,"z":-0.10364203155040741,"w":0.8940107226371765},"size":9.434334754943848,"orthographic":true}