{"cameraMode":{"drawMode":0,"name":"Shaded","section":"Shading Mode"},"sceneLighting":false,"audioPlay":false,"sceneViewState":{"showFog":true,"showMaterialUpdate":false,"showSkybox":false,"showFlares":true,"showImageEffects":true,"showParticleSystems":true},"in2DMode":false,"pivot":{"x":0.015062034130096436,"y":-0.002124786376953125,"z":0.006005823612213135},"rotation":{"x":0.22544968128204347,"y":0.6795067191123962,"z":-0.6582385301589966,"w":0.23273415863513947},"size":4.161925792694092,"orthographic":false}