{"cameraMode":{"drawMode":0,"name":"Shaded","section":"Shading Mode"},"sceneLighting":true,"audioPlay":false,"sceneViewState":{"showFog":true,"showMaterialUpdate":false,"showSkybox":true,"showFlares":true,"showImageEffects":true,"showParticleSystems":true},"in2DMode":false,"pivot":{"x":0.6075350046157837,"y":1.668475866317749,"z":0.19591370224952699},"rotation":{"x":0.705708920955658,"y":0.06594549864530564,"z":-0.06626546382904053,"w":0.7023069262504578},"size":3.795283079147339,"orthographic":false}