{"cameraMode":{"drawMode":0,"name":"Shaded","section":"Shading Mode"},"sceneLighting":true,"audioPlay":false,"sceneViewState":{"showFog":true,"showMaterialUpdate":false,"showSkybox":true,"showFlares":true,"showImageEffects":true,"showParticleSystems":true},"in2DMode":false,"pivot":{"x":326.2287902832031,"y":-111.82598876953125,"z":53.544429779052737},"rotation":{"x":-0.0008343046065419912,"y":0.7207594513893127,"z":-0.6931842565536499,"w":-0.0008676584111526609},"size":167.83447265625,"orthographic":false}