{"cameraMode":{"drawMode":0,"name":"Shaded","section":"Shading Mode"},"sceneLighting":true,"audioPlay":false,"sceneViewState":{"showFog":true,"showMaterialUpdate":false,"showSkybox":true,"showFlares":true,"showImageEffects":true,"showParticleSystems":true},"in2DMode":false,"pivot":{"x":18.76496124267578,"y":-43.703826904296878,"z":35.88249969482422},"rotation":{"x":-0.7278617024421692,"y":-0.013393773697316647,"z":0.0142214922234416,"w":-0.6854456067085266},"size":79.2266845703125,"orthographic":false}