{"cameraMode":{"drawMode":0,"name":"Shaded","section":"Shading Mode"},"sceneLighting":false,"audioPlay":false,"sceneViewState":{"showFog":true,"showMaterialUpdate":false,"showSkybox":false,"showFlares":true,"showImageEffects":true,"showParticleSystems":true},"in2DMode":false,"pivot":{"x":-2.645740509033203,"y":3.129338264465332,"z":0.29582881927490237},"rotation":{"x":-0.15728607773780824,"y":0.5933270454406738,"z":-0.11959229409694672,"w":-0.7803344130516052},"size":22.32308006286621,"orthographic":false}