{"cameraMode":{"drawMode":0,"name":"Shaded","section":"Shading Mode"},"sceneLighting":true,"audioPlay":false,"sceneViewState":{"showFog":true,"showMaterialUpdate":false,"showSkybox":true,"showFlares":true,"showImageEffects":true,"showParticleSystems":true},"in2DMode":false,"pivot":{"x":55.45745086669922,"y":1.728449821472168,"z":-16.064395904541017},"rotation":{"x":0.705708920955658,"y":0.06594549864530564,"z":-0.06626546382904053,"w":0.7023069262504578},"size":17.11956214904785,"orthographic":false}