{"cameraMode":{"drawMode":0,"name":"Shaded","section":"Shading Mode"},"sceneLighting":true,"audioPlay":false,"sceneViewState":{"showFog":true,"showMaterialUpdate":false,"showSkybox":true,"showFlares":true,"showImageEffects":true,"showParticleSystems":true},"in2DMode":false,"pivot":{"x":232.57040405273438,"y":75.9615478515625,"z":263.01824951171877},"rotation":{"x":0.26340553164482119,"y":-0.1145540177822113,"z":0.03151760622859001,"w":0.9573408961296082},"size":1056.452880859375,"orthographic":false}