{"cameraMode":{"drawMode":0,"name":"Shaded","section":"Shading Mode"},"sceneLighting":false,"audioPlay":false,"sceneViewState":{"showFog":true,"showMaterialUpdate":false,"showSkybox":false,"showFlares":true,"showImageEffects":true,"showParticleSystems":true},"in2DMode":false,"pivot":{"x":-0.4647979736328125,"y":-0.2958984375,"z":-0.3095703125},"rotation":{"x":-0.3740137815475464,"y":0.016692403703927995,"z":-0.0067330654710531239,"w":-0.927248477935791},"size":3.5316808223724367,"orthographic":true}