{"cameraMode":{"drawMode":0,"name":"Shaded","section":"Shading Mode"},"sceneLighting":false,"audioPlay":false,"sceneViewState":{"showFog":true,"showMaterialUpdate":false,"showSkybox":false,"showFlares":true,"showImageEffects":true,"showParticleSystems":true},"in2DMode":false,"pivot":{"x":-0.0017598867416381837,"y":0.006858408451080322,"z":-0.024503707885742189},"rotation":{"x":0.28823208808898928,"y":-0.09888231009244919,"z":0.029938967898488046,"w":0.9519706964492798},"size":4.230592727661133,"orthographic":false}