{"cameraMode":{"drawMode":0,"name":"Shaded","section":"Shading Mode"},"sceneLighting":false,"audioPlay":false,"sceneViewState":{"showFog":true,"showMaterialUpdate":false,"showSkybox":false,"showFlares":true,"showImageEffects":true,"showParticleSystems":true},"in2DMode":false,"pivot":{"x":0.2401123046875,"y":1.77685546875,"z":0.60205078125},"rotation":{"x":0.048243869096040729,"y":-0.724150538444519,"z":0.6860653162002564,"w":0.05092184245586395},"size":3.300593852996826,"orthographic":true}