{"cameraMode":{"drawMode":0,"name":"Shaded","section":"Shading Mode"},"sceneLighting":false,"audioPlay":false,"sceneViewState":{"showFog":true,"showMaterialUpdate":false,"showSkybox":false,"showFlares":true,"showImageEffects":true,"showParticleSystems":true},"in2DMode":false,"pivot":{"x":-0.142767071723938,"y":0.0,"z":-0.10239678621292114},"rotation":{"x":0.8707368969917297,"y":-0.0073733581230044369,"z":0.013062032870948315,"w":0.4915204346179962},"size":2.0290980339050295,"orthographic":false}