{"cameraMode":{"drawMode":0,"name":"Shaded","section":"Shading Mode"},"sceneLighting":false,"audioPlay":false,"sceneViewState":{"showFog":true,"showMaterialUpdate":false,"showSkybox":false,"showFlares":true,"showImageEffects":true,"showParticleSystems":true},"in2DMode":false,"pivot":{"x":0.049740999937057498,"y":0.013690024614334107,"z":-0.0521121621131897},"rotation":{"x":0.6274041533470154,"y":-0.05708131939172745,"z":0.046198006719350818,"w":0.7752235531806946},"size":4.618034362792969,"orthographic":true}