{"cameraMode":{"drawMode":0,"name":"Shaded","section":"Shading Mode"},"sceneLighting":false,"audioPlay":false,"sceneViewState":{"showFog":true,"showMaterialUpdate":false,"showSkybox":false,"showFlares":true,"showImageEffects":true,"showParticleSystems":true},"in2DMode":false,"pivot":{"x":0.04854440689086914,"y":0.013690024614334107,"z":-0.05118998885154724},"rotation":{"x":0.6274041533470154,"y":-0.05708131939172745,"z":0.046198006719350818,"w":0.7752235531806946},"size":4.614034175872803,"orthographic":true}