{"cameraMode":{"drawMode":0,"name":"Shaded","section":"Shading Mode"},"sceneLighting":false,"audioPlay":false,"sceneViewState":{"showFog":true,"showMaterialUpdate":false,"showSkybox":false,"showFlares":true,"showImageEffects":true,"showParticleSystems":true},"in2DMode":false,"pivot":{"x":-0.014365464448928833,"y":0.05421614646911621,"z":0.0000022649765014648439},"rotation":{"x":0.5296263694763184,"y":-0.4075329899787903,"z":0.32180917263031008,"w":0.6707098484039307},"size":4.424568176269531,"orthographic":false}