{"cameraMode":{"drawMode":0,"name":"Shaded","section":"Shading Mode"},"sceneLighting":false,"audioPlay":false,"sceneViewState":{"showFog":true,"showMaterialUpdate":false,"showSkybox":false,"showFlares":true,"showImageEffects":true,"showParticleSystems":true},"in2DMode":false,"pivot":{"x":-0.36196160316467287,"y":0.02173137664794922,"z":0.2362772822380066},"rotation":{"x":-0.2787388563156128,"y":0.4801368713378906,"z":-0.16413679718971253,"w":-0.8153725266456604},"size":3.738090991973877,"orthographic":false}