{"cameraMode":{"drawMode":0,"name":"Shaded","section":"Shading Mode"},"sceneLighting":false,"audioPlay":false,"sceneViewState":{"showFog":true,"showMaterialUpdate":false,"showSkybox":false,"showFlares":true,"showImageEffects":true,"showParticleSystems":true},"in2DMode":false,"pivot":{"x":-0.30021974444389346,"y":0.5195491313934326,"z":0.6266416311264038},"rotation":{"x":-0.51913982629776,"y":0.07797347754240036,"z":-0.04763418063521385,"w":-0.8497911691665649},"size":3.747022867202759,"orthographic":false}