{"cameraMode":{"drawMode":0,"name":"Shaded","section":"Shading Mode"},"sceneLighting":true,"audioPlay":false,"sceneViewState":{"showFog":true,"showMaterialUpdate":false,"showSkybox":true,"showFlares":true,"showImageEffects":true,"showParticleSystems":true},"in2DMode":false,"pivot":{"x":-1.444474458694458,"y":0.11734610795974732,"z":25.58292007446289},"rotation":{"x":0.5007793307304382,"y":0.48038187623023989,"z":-0.4033116400241852,"w":0.5964840054512024},"size":17.611042022705079,"orthographic":false}