{"cameraMode":{"drawMode":0,"name":"Shaded","section":"Shading Mode"},"sceneLighting":false,"audioPlay":false,"sceneViewState":{"showFog":true,"showMaterialUpdate":false,"showSkybox":false,"showFlares":true,"showImageEffects":true,"showParticleSystems":true},"in2DMode":false,"pivot":{"x":-1.657326579093933,"y":0.15575343370437623,"z":1.1753860712051392},"rotation":{"x":-0.4005718231201172,"y":0.5990298986434937,"z":-0.47595077753067019,"w":-0.5041589736938477},"size":4.790165901184082,"orthographic":false}