{"cameraMode":{"drawMode":0,"name":"Shaded","section":"Shading Mode"},"sceneLighting":false,"audioPlay":false,"sceneViewState":{"showFog":true,"showMaterialUpdate":false,"showSkybox":false,"showFlares":true,"showImageEffects":true,"showParticleSystems":true},"in2DMode":false,"pivot":{"x":-0.15795880556106568,"y":0.0011197328567504883,"z":-0.0006139874458312988},"rotation":{"x":0.005767927970737219,"y":0.8697335720062256,"z":0.010167201049625874,"w":-0.49338313937187197},"size":4.6540937423706059,"orthographic":false}