{"cameraMode":{"drawMode":0,"name":"Shaded","section":"Shading Mode"},"sceneLighting":true,"audioPlay":false,"sceneViewState":{"showFog":true,"showMaterialUpdate":false,"showSkybox":true,"showFlares":true,"showImageEffects":true,"showParticleSystems":true},"in2DMode":false,"pivot":{"x":-0.03885078430175781,"y":0.982421875,"z":8.787422180175782},"rotation":{"x":0.6413019299507141,"y":0.29689913988113406,"z":-0.29636791348457339,"w":0.6424552798271179},"size":22.56867790222168,"orthographic":true}