{"cameraMode":{"drawMode":0,"name":"Shaded","section":"Shading Mode"},"sceneLighting":false,"audioPlay":false,"sceneViewState":{"showFog":true,"showMaterialUpdate":false,"showSkybox":false,"showFlares":true,"showImageEffects":true,"showParticleSystems":true},"in2DMode":false,"pivot":{"x":0.41558778285980227,"y":-0.02819579839706421,"z":0.18705043196678163},"rotation":{"x":-0.7081466913223267,"y":-0.005295266397297382,"z":0.005311212036758661,"w":-0.7060255408287048},"size":2.23747181892395,"orthographic":false}