{"cameraMode":{"drawMode":0,"name":"Shaded","section":"Shading Mode"},"sceneLighting":false,"audioPlay":false,"sceneViewState":{"showFog":true,"showMaterialUpdate":false,"showSkybox":false,"showFlares":true,"showImageEffects":true,"showParticleSystems":true},"in2DMode":false,"pivot":{"x":0.015062004327774048,"y":-0.0021248161792755129,"z":0.006005793809890747},"rotation":{"x":-0.39013010263442995,"y":0.26176947355270388,"z":-0.11671127378940582,"w":-0.875016450881958},"size":4.16192626953125,"orthographic":false}