{"cameraMode":{"drawMode":0,"name":"Shaded","section":"Shading Mode"},"sceneLighting":false,"audioPlay":false,"sceneViewState":{"showFog":true,"showMaterialUpdate":false,"showSkybox":false,"showFlares":true,"showImageEffects":true,"showParticleSystems":true},"in2DMode":false,"pivot":{"x":-0.31884765625,"y":0.80224609375,"z":0.2001953125},"rotation":{"x":0.6748495697975159,"y":-0.31976914405822756,"z":0.4156125783920288,"w":0.5192224979400635},"size":2.9077091217041017,"orthographic":true}