{"cameraMode":{"drawMode":0,"name":"Shaded","section":"Shading Mode"},"sceneLighting":false,"audioPlay":false,"sceneViewState":{"showFog":true,"showMaterialUpdate":false,"showSkybox":false,"showFlares":true,"showImageEffects":true,"showParticleSystems":true},"in2DMode":false,"pivot":{"x":-0.007071375846862793,"y":0.04848456382751465,"z":-0.031198501586914064},"rotation":{"x":-0.28276798129081728,"y":-0.7115044593811035,"z":0.39827507734298708,"w":-0.5051541924476624},"size":5.180087089538574,"orthographic":false}