{"cameraMode":{"drawMode":0,"name":"Shaded","section":"Shading Mode"},"sceneLighting":false,"audioPlay":false,"sceneViewState":{"showFog":true,"showMaterialUpdate":false,"showSkybox":false,"showFlares":true,"showImageEffects":true,"showParticleSystems":true},"in2DMode":false,"pivot":{"x":-0.07656002044677735,"y":0.00926828384399414,"z":-0.09014058113098145},"rotation":{"x":0.2025059461593628,"y":-0.2804267704486847,"z":0.06064988300204277,"w":0.9363086223602295},"size":2.9077091217041017,"orthographic":true}