{"cameraMode":{"drawMode":0,"name":"Shaded","section":"Shading Mode"},"sceneLighting":true,"audioPlay":false,"sceneViewState":{"showFog":true,"showMaterialUpdate":false,"showSkybox":true,"showFlares":true,"showImageEffects":true,"showParticleSystems":true},"in2DMode":false,"pivot":{"x":9.185917854309082,"y":-7.59375,"z":175.2213897705078},"rotation":{"x":0.7070592641830444,"y":-0.008262883871793747,"z":0.00826302357017994,"w":0.7070578336715698},"size":124.39693450927735,"orthographic":true}