{"cameraMode":{"drawMode":0,"name":"Shaded","section":"Shading Mode"},"sceneLighting":false,"audioPlay":false,"sceneViewState":{"showFog":true,"showMaterialUpdate":false,"showSkybox":false,"showFlares":true,"showImageEffects":true,"showParticleSystems":true},"in2DMode":false,"pivot":{"x":-0.0017598867416381837,"y":0.006858348846435547,"z":-0.02517789602279663},"rotation":{"x":-0.4795513451099396,"y":0.17030714452266694,"z":-0.09546370059251785,"w":-0.8555189371109009},"size":4.1585373878479,"orthographic":false}