{"cameraMode":{"drawMode":0,"name":"Shaded","section":"Shading Mode"},"sceneLighting":false,"audioPlay":false,"sceneViewState":{"showFog":true,"showMaterialUpdate":false,"showSkybox":false,"showFlares":true,"showImageEffects":true,"showParticleSystems":true},"in2DMode":false,"pivot":{"x":0.015062004327774048,"y":-0.0021248161792755129,"z":0.006005793809890747},"rotation":{"x":-0.3899596035480499,"y":0.28991082310676577,"z":-0.13082507252693177,"w":-0.8641574382781982},"size":4.16192626953125,"orthographic":false}