{"cameraMode":{"drawMode":0,"name":"Shaded","section":"Shading Mode"},"sceneLighting":false,"audioPlay":false,"sceneViewState":{"showFog":true,"showMaterialUpdate":false,"showSkybox":false,"showFlares":true,"showImageEffects":true,"showParticleSystems":true},"in2DMode":false,"pivot":{"x":-0.004317641258239746,"y":0.07138228416442871,"z":0.045058056712150577},"rotation":{"x":-0.4005718231201172,"y":0.5990298986434937,"z":-0.47595077753067019,"w":-0.5041589736938477},"size":2.5497708320617677,"orthographic":false}